Shipping profile name,国際送料
0-0.5FE,2457.095
0.5-1FE,2650.16
1-1.5FE,2833.73
1.5-2FE,2933.955
2-2.5FE,3274.72
2.5-3FE,3690.39
3-3.5FE,3762.13
3.5-4FE,4091.29
4-4.5FE,4419.395
4.5-5FE,4748.555
5-5.5FE,5424.81
5.5-6FE,5523.98
6-7FE,6144.32
7-8FE,6341.605
8-9FE,6961.945
9-10FE,8437.89
10-11FE,9208.04
11-12FE,9450.69
12-13FE,11440.42
13-14FE,11725.27
14-15FE,12748.62
15-16FE,14513.635
16-17FE,15476.85
17-18FE,15808.12
18-19FE,16982.335
19-20FE,17313.605
used-watch-FE,2933.955
20-21FE,20939.375
21-22FE,21608.245
22-23FE,22277.115
23-24FE,22945.985
24-25FE,23614.855
25-26FE,24683.725
26-27FE,25352.595
27-28FE,26021.465
28-29FE,26690.335
29-30FE,27359.205
30-31FE,30328.075
31-32FE,30996.945
32-33FE,31665.815
33-34FE,32334.685
34-35FE,33003.555
35-36FE,34072.425
36-37FE,34741.295
37-38FE,35410.165
38-39FE,36079.035
39-40FE,36747.905
40-41FE,37416.775
41-42FE,38585.645
42-43FE,39254.515
43-44FE,39923.385
44-45FE,40557.44
45-46FE,41191.495
46-47FE,41825.55
47-48FE,42459.605
48-49FE,43093.66
49-50FE,43727.715
0-0.5DHL,2380
0.5-1DHL,3480
1-1.5DHL,4380
1.5-2DHL,5380
2-2.5DHL,6160
2.5-3DHL,6860
3-3.5DHL,7560
3.5-4DHL,8260
4-4.5DHL,8960
4.5-5DHL,9660
5-5.5DHL,11360
5.5-6DHL,12060
6-7DHL,13160
7-8DHL,14260
8-9DHL,15360
9-10DHL,16460
10-11DHL,18560
11-12DHL,19660
12-13DHL,20760
13-14DHL,21860
14-15DHL,22960
15-16DHL,24060
16-17DHL,25160
17-18DHL,26260
18-19DHL,27360
19-20DHL,28460
0-0.5EMS,2400
0.5-1EMS,3700
1-1.5EMS,4900
1.5-2EMS,6100
2-2.5EMS,7200
2.5-3EMS,8300
3-3.5EMS,9400
3.5-4EMS,10500
4-4.5EMS,11600
4.5-5EMS,12700
5-5.5EMS,13800
5.5-6EMS,14900
6-7EMS,16800
7-8EMS,18700
8-9EMS,20600
9-10EMS,22500
10-11EMS,24400
11-12EMS,26300
12-13EMS,28200
13-14EMS,30100
14-15EMS,32000
15-16EMS,33900
16-17EMS,35800
17-18EMS,37700
18-19EMS,39600
19-20EMS,41500
20-21EMS,43400
21-22EMS,45300
22-23EMS,47200
23-24EMS,49100
24-25EMS,51000
25-26EMS,52900
26-27EMS,54800
27-28EMS,56700
28-29EMS,58600
29-30EMS,60500
new-watch-FE,2933.955
used-watch-F,2933.955
UsedF,2933.955
NewF,2933.955
